"TimeStep","Time","Exx","Exy","Eyy","Sxx","Sxy","Syy","displacements:0","displacements:1","displacements:2","material_id","subdomain","velocities:0","velocities:1","velocities:2","vtkValidPointMask","arc_length","Points:0","Points:1","Points:2"
0,0,0,0,0,0,0,0,0,0,0,2,7,0,0,0,,0,0.83,0.76,0
0,0,0,0,0,0,0,0,0,0,0,2,7,0,0,0,,0.052533,0.83187,0.8125,0
0,0,0,0,0,0,0,0,0,0,0,2,7,0,0,0,,0.10507,0.83375,0.865,0
0,0,0,0,0,0,0,0,0,0,0,2,7,0,0,0,,0.1576,0.83562,0.9175,0
0,0,0,0,0,0,0,0,0,0,0,2,7,0,0,0,,0.21013,0.8375,0.97,0
1,0.001,-0.0063739,0.00047606,-0.0014308,-530.44,1.278,-517.17,-0.0010187,0.00052733,0,2,7,-0.58188,0.72843,0,,0,0.83,0.76,0
1,0.001,-0.0071146,-0.0001266,-0.00029335,-506.33,-0.33987,-488.02,-0.0011466,0.00049093,0,2,7,-0.64421,0.9987,0,,0.052533,0.83187,0.8125,0
1,0.001,-0.011699,-3.311e-05,0.0052474,-455.75,-0.088885,-410.26,-0.0013078,0.00060706,0,2,7,-1.3539,1.4472,0,,0.10507,0.83375,0.865,0
1,0.001,-0.018371,0.00055187,0.012582,-430.08,1.4815,-346.98,-0.0014936,0.0010888,0,2,7,-1.3848,2.1765,0,,0.1576,0.83562,0.9175,0
1,0.001,0.0025982,0.014341,-0.0040654,-89.527,38.5,-107.42,-2.2339e-05,0.0014586,0,2,7,0.48099,2.8291,0,,0.21013,0.8375,0.97,0
2,0.002,-0.0098871,0.0013562,0.0015435,-575.32,3.6408,-544.63,-0.0023855,0.0017392,0,2,7,-1.8029,1.6388,0,,0,0.83,0.76,0
2,0.002,-0.017288,-0.00065276,0.009949,-529.14,-1.7524,-456.02,-0.0027359,0.0020035,0,2,7,-2.1898,2.1787,0,,0.052533,0.83187,0.8125,0
2,0.002,-0.027265,-0.00055753,0.019604,-577.07,-1.4967,-451.25,-0.0033665,0.0028243,0,2,7,-2.3686,3.0661,0,,0.10507,0.83375,0.865,0
2,0.002,-0.027719,0.0037813,0.020317,-561.21,10.151,-432.26,-0.0034363,0.0039228,0,2,7,-1.7834,3.5558,0,,0.1576,0.83562,0.9175,0
2,0.002,-0.011889,0.025915,0.0076051,-313.68,69.571,-261.35,-0.001186,0.0046995,0,2,7,-2.0644,4.014,0,,0.21013,0.8375,0.97,0
3,0.003,-0.020388,0.0025714,0.010372,-713.5,6.9031,-630.92,-0.0042911,0.0039056,0,2,7,-1.4759,2.971,0,,0,0.83,0.76,0
3,0.003,-0.030923,0.0011959,0.022485,-638.03,3.2106,-494.65,-0.004811,0.0048264,0,2,7,-0.97274,3.4671,0,,0.052533,0.83187,0.8125,0
3,0.003,-0.036866,0.0041291,0.029811,-562.96,11.085,-383.97,-0.005188,0.0062251,0,2,7,-0.53302,3.8854,0,,0.10507,0.83375,0.865,0
3,0.003,-0.035549,0.0088563,0.030186,-448.19,23.775,-271.73,-0.0047386,0.0078642,0,2,7,-0.36661,4.4794,0,,0.1576,0.83562,0.9175,0
3,0.003,-0.013066,0.014991,0.0084829,-336.52,40.245,-278.67,-0.0032104,0.0089787,0,2,7,-1.6814,4.0017,0,,0.21013,0.8375,0.97,0
4,0.004,-0.027787,0.0019089,0.018751,-668.92,5.1245,-543.98,-0.0066286,0.0079014,0,2,7,-1.9457,4.6324,0,,0,0.83,0.76,0
4,0.004,-0.032864,0.0026957,0.026914,-479.54,7.2369,-319.06,-0.006741,0.0091407,0,2,7,-0.44967,5.253,0,,0.052533,0.83187,0.8125,0
4,0.004,-0.037706,0.0081557,0.031773,-491.49,21.895,-304.96,-0.0063386,0.010731,0,2,7,-1.1644,5.0464,0,,0.10507,0.83375,0.865,0
4,0.004,-0.030851,0.011111,0.024092,-527.35,29.828,-379.85,-0.0056183,0.012237,0,2,7,0.37258,4.37,0,,0.1576,0.83562,0.9175,0
4,0.004,-0.0036561,0.0072181,0.0022645,-101.34,19.377,-85.45,-0.0038535,0.012928,0,2,7,0.32448,4.4888,0,,0.21013,0.8375,0.97,0
5,0.005,-0.030131,0.0069719,0.021214,-667.37,18.717,-529.53,-0.0083949,0.013511,0,2,7,-1.2769,6.5977,0,,0,0.83,0.76,0
5,0.005,-0.032591,0.0075783,0.023762,-668.14,20.344,-516.86,-0.0079374,0.014762,0,2,7,-0.4235,5.8442,0,,0.052533,0.83187,0.8125,0
5,0.005,-0.02869,0.0074061,0.02027,-630.82,19.882,-499.38,-0.0073481,0.015966,0,2,7,-1.7269,5.3751,0,,0.10507,0.83375,0.865,0
5,0.005,-0.024294,0.0097328,0.018982,-414.58,26.128,-298.4,-0.0063728,0.016917,0,2,7,-1.6524,4.7426,0,,0.1576,0.83562,0.9175,0
5,0.005,-0.0033264,0.013169,0.0031006,-23.784,35.353,-6.53,-0.0047124,0.017478,0,2,7,-0.89276,5.2868,0,,0.21013,0.8375,0.97,0
6,0.006,-0.021696,0.011491,0.013329,-608.53,30.848,-514.51,-0.009022,0.020055,0,2,7,-0.31659,6.5134,0,,0,0.83,0.76,0
6,0.006,-0.023055,0.0006307,0.01461,-617.3,1.6932,-516.19,-0.0085196,0.02077,0,2,7,-0.88333,6.2788,0,,0.052533,0.83187,0.8125,0
6,0.006,-0.022322,0.0098084,0.015226,-526.61,26.331,-425.81,-0.0083041,0.021658,0,2,7,-1.4846,6.8557,0,,0.10507,0.83375,0.865,0
6,0.006,-0.016456,0.0036454,0.010045,-465.82,9.7863,-394.68,-0.0079928,0.022408,0,2,7,-2.3443,6.2068,0,,0.1576,0.83562,0.9175,0
6,0.006,-0.0086817,0.022616,0.0054162,-238.09,60.714,-200.24,-0.0066309,0.022965,0,2,7,-2.8384,5.6447,0,,0.21013,0.8375,0.97,0
7,0.007,-0.013717,0.0053997,0.0054946,-577.6,14.496,-526.03,-0.0088233,0.027041,0,2,7,-0.63421,7.9187,0,,0,0.83,0.76,0
7,0.007,-0.015426,0.0071065,0.0079742,-531.54,19.078,-468.72,-0.0091885,0.027436,0,2,7,-0.68529,6.9171,0,,0.052533,0.83187,0.8125,0
7,0.007,-0.020085,0.0045052,0.015417,-360.93,12.094,-265.63,-0.0094115,0.028029,0,2,7,-0.74111,6.931,0,,0.10507,0.83375,0.865,0
7,0.007,-0.011328,0.0063318,0.0074046,-288.48,16.998,-238.19,-0.0092949,0.02869,0,2,7,-0.014793,6.6263,0,,0.1576,0.83562,0.9175,0
7,0.007,-0.0026642,0.0025461,0.0003612,-158.62,6.8353,-150.5,-0.0089235,0.028782,0,2,7,-2.4848,5.7669,0,,0.21013,0.8375,0.97,0
8,0.008,-0.0082464,0.0010203,0.0009521,-501.9,2.7389,-477.2,-0.0097812,0.034741,0,2,7,-1.5192,8.0101,0,,0,0.83,0.76,0
8,0.008,-0.013345,-0.0055698,0.0077628,-403.01,-14.952,-346.34,-0.010535,0.034958,0,2,7,-1.2696,7.4333,0,,0.052533,0.83187,0.8125,0
8,0.008,-0.013756,0.00048382,0.0072932,-462,1.2989,-405.49,-0.011154,0.035331,0,2,7,-1.5505,7.626,0,,0.10507,0.83375,0.865,0
8,0.008,-0.0065717,0.0060118,0.0019178,-323.74,16.139,-300.95,-0.011077,0.035655,0,2,7,-1.3105,7.6479,0,,0.1576,0.83562,0.9175,0
8,0.008,0.0053848,0.0073224,-0.0088986,-216.65,19.657,-255,-0.010565,0.035663,0,2,7,-1.1881,6.6654,0,,0.21013,0.8375,0.97,0
9,0.009,-0.010244,-0.00035791,0.0022046,-556.29,-0.96084,-522.87,-0.010438,0.043463,0,2,7,-1.494,9.1338,0,,0,0.83,0.76,0
9,0.009,-0.0041051,-0.0025997,-0.0014763,-378.12,-6.979,-371.06,-0.011447,0.043552,0,2,7,-0.65414,9.6563,0,,0.052533,0.83187,0.8125,0
9,0.009,-0.0068392,0.0017014,0.0017615,-352.33,4.5676,-329.24,-0.012216,0.043729,0,2,7,-1.3613,9.3076,0,,0.10507,0.83375,0.865,0
9,0.009,-0.0039268,0.0045692,0.0023585,-113.69,12.266,-96.813,-0.012875,0.043685,0,2,7,-1.1592,7.5301,0,,0.1576,0.83562,0.9175,0
9,0.009,0.0076252,0.018275,-0.010906,-195.31,49.061,-245.06,-0.012338,0.043434,0,2,7,-2.7467,7.4361,0,,0.21013,0.8375,0.97,0
10,0.01,-0.0085643,-0.019427,0.0054575,-227.33,-52.154,-189.69,-0.011005,0.053014,0,2,7,-1.4339,9.0847,0,,0,0.83,0.76,0
10,0.01,-0.0011691,-0.0062418,-0.0020634,-215.75,-16.756,-218.15,-0.012005,0.053246,0,2,7,-2.5409,10.591,0,,0.052533,0.83187,0.8125,0
10,0.01,-0.0057538,0.004328,0.0033551,-173.21,11.619,-148.76,-0.013246,0.05339,0,2,7,-3.6044,9.2048,0,,0.10507,0.83375,0.865,0
10,0.01,0.011788,0.002447,-0.015501,-212.58,6.5691,-285.84,-0.01401,0.052885,0,2,7,-1.723,10.4,0,,0.1576,0.83562,0.9175,0
10,0.01,0.019529,0.0039317,-0.021274,-62.367,10.555,-171.9,-0.014747,0.052296,0,2,7,-3.694,9.8577,0,,0.21013,0.8375,0.97,0
11,0.011,-0.011147,0.0062492,0.0056049,-394.45,16.776,-349.48,-0.011172,0.064979,0,2,7,0.27566,12.373,0,,0,0.83,0.76,0
11,0.011,0.0059388,0.015022,-0.0083954,-145.63,40.326,-184.11,-0.012634,0.064997,0,2,7,-1.1085,12.379,0,,0.052533,0.83187,0.8125,0
11,0.011,0.0083717,0.01395,-0.011497,-183.07,37.449,-236.41,-0.014384,0.064487,0,2,7,-1.0407,10.76,0,,0.10507,0.83375,0.865,0
11,0.011,0.008781,0.021429,-0.010392,-82.354,57.526,-133.82,-0.015734,0.063924,0,2,7,-1.766,12.351,0,,0.1576,0.83562,0.9175,0
11,0.011,0.03849,0.011877,-0.042376,-152.24,31.885,-369.33,-0.016499,0.062676,0,2,7,-1.272,13.43,0,,0.21013,0.8375,0.97,0
12,0.012,-0.0067729,0.017108,0.001138,-388.8,45.927,-367.57,-0.010586,0.077263,0,2,7,0.13156,12.322,0,,0,0.83,0.76,0
12,0.012,0.011998,0.015661,-0.014254,-116.19,42.043,-186.66,-0.012662,0.076839,0,2,7,-0.28914,13.296,0,,0.052533,0.83187,0.8125,0
12,0.012,-0.00098826,0.01985,-0.0020225,-200.68,53.29,-203.45,-0.015285,0.0767,0,2,7,-1.1022,13.481,0,,0.10507,0.83375,0.865,0
12,0.012,0.023097,0.013035,-0.029185,-338.41,34.993,-478.77,-0.017729,0.076091,0,2,7,-0.90223,14.987,0,,0.1576,0.83562,0.9175,0
12,0.012,0.013306,0.017749,-0.013256,39.064,47.65,-32.243,-0.019336,0.07528,0,2,7,-5.0869,13.104,0,,0.21013,0.8375,0.97,0
13,0.013,0.0045803,0.0089006,-0.0078992,-205.99,23.894,-239.49,-0.0098253,0.089175,0,2,7,1.1176,14.692,0,,0,0.83,0.76,0
13,0.013,0.004618,-0.0075642,-0.0024733,153.46,-20.307,134.42,-0.012308,0.088952,0,2,7,0.18301,11.818,0,,0.052533,0.83187,0.8125,0
13,0.013,0.017457,0.0014482,-0.016755,93.028,3.8878,1.1842,-0.015698,0.088869,0,2,7,-1.9769,12.58,0,,0.10507,0.83375,0.865,0
13,0.013,-0.0051157,-4.0464e-05,0.0066143,84.828,-0.10863,116.32,-0.019646,0.088428,0,2,7,-2.2307,14.923,0,,0.1576,0.83562,0.9175,0
13,0.013,-8.9199e-05,0.014184,0.0019601,122.81,38.077,128.31,-0.023649,0.088865,0,2,7,-4.2793,13.506,0,,0.21013,0.8375,0.97,0
14,0.014,0.0020691,0.005655,-0.0022839,-8.5699,15.181,-20.256,-0.0085378,0.10124,0,2,7,1.2131,10.262,0,,0,0.83,0.76,0
14,0.014,0.0028425,0.0039091,-0.00087038,137.34,10.494,127.37,-0.012277,0.1009,0,2,7,1.4108,8.5237,0,,0.052533,0.83187,0.8125,0
14,0.014,0.010704,0.02162,-0.0064076,311.34,58.04,265.4,-0.016398,0.10117,0,2,7,0.64392,10.843,0,,0.10507,0.83375,0.865,0
14,0.014,0.010441,0.010018,-0.0092375,107.18,26.893,54.349,-0.020848,0.10095,0,2,7,-3.5964,10.903,0,,0.1576,0.83562,0.9175,0
14,0.014,0.010841,-0.0059367,-0.012785,-98.708,-15.937,-162.13,-0.027112,0.1004,0,2,7,-3.2005,10.605,0,,0.21013,0.8375,0.97,0
15,0.015,-0.0063017,0.013622,0.0073368,51.167,36.569,87.78,-0.0078162,0.11078,0,2,7,1.5705,8.872,0,,0,0.83,0.76,0
15,0.015,0.0043446,0.011414,-0.0041491,24.518,30.641,1.7158,-0.012443,0.11068,0,2,7,0.80302,9.9694,0,,0.052533,0.83187,0.8125,0
15,0.015,0.010953,0.0077785,-0.0061029,348.43,20.882,302.64,-0.017046,0.11047,0,2,7,-0.0021142,12.389,0,,0.10507,0.83375,0.865,0
15,0.015,-0.0096673,0.0038712,0.0075116,-167.74,10.393,-121.62,-0.023609,0.11096,0,2,7,-3.0294,12.759,0,,0.1576,0.83562,0.9175,0
15,0.015,-0.040301,0.0039583,0.041768,-11.68,10.626,208.64,-0.030598,0.11232,0,2,7,-1.9741,10.205,0,,0.21013,0.8375,0.97,0
16,0.016,0.00062164,0.02052,-0.00024436,26.483,55.086,24.158,-0.0072303,0.11931,0,2,7,1.5195,8.3284,0,,0,0.83,0.76,0
16,0.016,-0.0047485,0.016537,0.0064957,102.17,44.395,132.35,-0.012679,0.11922,0,2,7,-0.46011,9.6665,0,,0.052533,0.83187,0.8125,0
16,0.016,-0.01338,0.0090829,0.01516,81.155,24.384,157.77,-0.01873,0.12002,0,2,7,-1.2824,9.9489,0,,0.10507,0.83375,0.865,0
16,0.016,-0.028013,0.012919,0.031807,174.32,34.682,334.91,-0.025358,0.12122,0,2,7,-1.2759,9.0966,0,,0.1576,0.83562,0.9175,0
16,0.016,-0.0043185,0.017655,0.0098442,351.84,47.395,389.86,-0.032904,0.12335,0,2,7,-5.4732,7.2745,0,,0.21013,0.8375,0.97,0
17,0.017,0.0024838,0.016995,-0.0014238,76.387,45.625,65.897,-0.0071848,0.1263,0,2,7,-0.8404,6.3514,0,,0,0.83,0.76,0
17,0.017,0.012471,0.00047425,-0.0091702,250.58,1.2732,192.48,-0.012585,0.12607,0,2,7,-1.1078,5.6866,0,,0.052533,0.83187,0.8125,0
17,0.017,-0.011039,0.0050185,0.011476,-0.93665,13.472,59.506,-0.019999,0.12642,0,2,7,-1.1462,4.8298,0,,0.10507,0.83375,0.865,0
17,0.017,-0.015616,-0.0063997,0.018912,174.88,-17.18,267.57,-0.026786,0.12735,0,2,7,-3.3522,3.7851,0,,0.1576,0.83562,0.9175,0
17,0.017,-0.023598,4.6924e-05,0.030447,387.06,0.12597,532.15,-0.035856,0.12921,0,2,7,-1.8445,7.9757,0,,0.21013,0.8375,0.97,0
18,0.018,0.003522,0.011731,0.0040529,507.67,31.492,509.09,-0.0076673,0.13109,0,2,7,0.028804,4.0552,0,,0,0.83,0.76,0
18,0.018,-0.0011328,0.018252,0.0048458,241.17,48.998,257.22,-0.014123,0.13176,0,2,7,-1.1219,3.9828,0,,0.052533,0.83187,0.8125,0
18,0.018,-0.0061995,0.010587,0.011012,299.88,28.422,346.08,-0.0207,0.13199,0,2,7,-0.21848,5.0138,0,,0.10507,0.83375,0.865,0
18,0.018,-0.030002,0.01759,0.032635,92.628,47.221,260.78,-0.029438,0.1336,0,2,7,0.39149,6.0424,0,,0.1576,0.83562,0.9175,0
18,0.018,-0.0072241,0.0087322,0.014069,430.8,23.442,487.96,-0.037848,0.13535,0,2,7,-0.70179,3.9597,0,,0.21013,0.8375,0.97,0
19,0.019,0.023742,0.012752,-0.019397,349.49,34.234,233.68,-0.0086148,0.13533,0,2,7,-0.76686,2.0932,0,,0,0.83,0.76,0
19,0.019,0.0083955,0.012323,-0.0095639,-54.311,33.082,-102.52,-0.015634,0.13446,0,2,7,-2.452,3.0255,0,,0.052533,0.83187,0.8125,0
19,0.019,-0.0078639,0.0080648,0.008865,44.737,21.65,89.647,-0.02313,0.13508,0,2,7,-0.86973,0.92946,0,,0.10507,0.83375,0.865,0
19,0.019,0.0054301,0.00052887,-0.0060604,-26.879,1.4198,-57.726,-0.030475,0.13561,0,2,7,-0.34858,-0.52202,0,,0.1576,0.83562,0.9175,0
19,0.019,-0.0082101,-0.004032,0.0071517,-91.65,-10.824,-50.411,-0.039677,0.13613,0,2,7,-0.9779,-1.0894,0,,0.21013,0.8375,0.97,0
20,0.02,-0.0067376,0.010397,0.0082848,83.672,27.912,124,-0.010071,0.13595,0,2,7,-1.5097,1.8612,0,,0,0.83,0.76,0
20,0.02,0.036103,-0.0086572,-0.034906,175.63,-23.241,-15,-0.01702,0.13572,0,2,7,-2.8286,-0.098201,0,,0.052533,0.83187,0.8125,0
20,0.02,0.0050563,-0.0002864,-0.0054941,-15.221,-0.76886,-43.544,-0.024624,0.13463,0,2,7,-3.4241,0.76933,0,,0.10507,0.83375,0.865,0
20,0.02,-0.017107,0.0020734,0.020086,149.97,5.5662,249.82,-0.032096,0.13514,0,2,7,-1.0143,-0.69557,0,,0.1576,0.83562,0.9175,0
20,0.02,-0.019929,0.0031627,0.018733,-132.16,8.4905,-28.372,-0.040188,0.13677,0,2,7,-3.0124,1.7362,0,,0.21013,0.8375,0.97,0
21,0.021,0.030222,-0.0017462,-0.024902,431.1,-4.6879,283.11,-0.010737,0.13522,0,2,7,-2.1469,-1.7546,0,,0,0.83,0.76,0
21,0.021,0.010969,0.014159,-0.0066323,314.68,38.012,267.42,-0.01806,0.13458,0,2,7,1.2037,-2.502,0,,0.052533,0.83187,0.8125,0
21,0.021,0.0025407,0.018903,-0.0016904,62.748,50.747,51.389,-0.025746,0.13444,0,2,7,-1.3258,-3.7424,0,,0.10507,0.83375,0.865,0
21,0.021,0.0030012,0.028615,-0.0018092,86.456,76.819,73.543,-0.032815,0.13503,0,2,7,-0.29889,-4.9052,0,,0.1576,0.83562,0.9175,0
21,0.021,0.006068,-0.012294,-0.013297,-459.14,-33.005,-511.13,-0.041126,0.13455,0,2,7,0.1769,-4.171,0,,0.21013,0.8375,0.97,0
22,0.022,0.01369,0.022139,-0.011547,177.67,59.433,109.92,-0.012931,0.13253,0,2,7,-0.8339,-5.5298,0,,0,0.83,0.76,0
22,0.022,0.025183,0.014097,-0.024687,100.19,37.843,-33.686,-0.019043,0.13187,0,2,7,-0.14948,-1.931,0,,0.052533,0.83187,0.8125,0
22,0.022,0.026066,0.014021,-0.022799,284.87,37.64,153.69,-0.025839,0.13067,0,2,7,2.8373,-4.221,0,,0.10507,0.83375,0.865,0
22,0.022,-0.000585,-0.0097419,-0.0020467,-174.66,-26.153,-178.58,-0.033851,0.13059,0,2,7,-1.1787,-2.4527,0,,0.1576,0.83562,0.9175,0
22,0.022,-0.025336,-0.021629,0.023009,-221.03,-58.064,-91.241,-0.042111,0.13089,0,2,7,-0.8247,-3.2192,0,,0.21013,0.8375,0.97,0
23,0.023,0.00028277,0.010495,-0.00042811,-8.8,28.175,-10.708,-0.014146,0.1283,0,2,7,-1.1846,-4.1272,0,,0,0.83,0.76,0
23,0.023,0.027352,0.0056509,-0.026372,137.87,15.17,-6.3517,-0.020041,0.12748,0,2,7,-0.99962,-4.3662,0,,0.052533,0.83187,0.8125,0
23,0.023,0.00048938,0.015871,0.0018769,156.95,42.606,160.67,-0.026278,0.12741,0,2,7,-0.86107,-2.6384,0,,0.10507,0.83375,0.865,0
23,0.023,-0.014921,0.013108,0.017075,101.58,35.19,187.48,-0.033268,0.12795,0,2,7,1.1642,-2.5797,0,,0.1576,0.83562,0.9175,0
23,0.023,-0.0063613,-0.003641,0.0046219,-131.48,-9.7745,-102,-0.040945,0.12878,0,2,7,-1.0275,-4.803,0,,0.21013,0.8375,0.97,0
24,0.024,0.0095667,-0.0016308,-0.011592,-107.49,-4.378,-164.29,-0.014728,0.12242,0,2,7,-1.2731,-7.0033,0,,0,0.83,0.76,0
24,0.024,0.0051672,-0.0049825,-0.004268,73.012,-13.376,47.682,-0.02023,0.12225,0,2,7,1.2774,-5.7695,0,,0.052533,0.83187,0.8125,0
24,0.024,-0.0051401,0.024879,0.0013597,-262.44,66.789,-244.99,-0.026364,0.12283,0,2,7,2.5407,-7.0604,0,,0.10507,0.83375,0.865,0
24,0.024,-0.0095337,0.021059,0.01141,97.846,56.534,154.07,-0.032149,0.12313,0,2,7,1.242,-7.2954,0,,0.1576,0.83562,0.9175,0
24,0.024,-0.0044809,0.0098158,0.0044793,-12.136,26.351,11.918,-0.039332,0.12378,0,2,7,3.6603,-4.0571,0,,0.21013,0.8375,0.97,0
25,0.025,-0.013972,0.00080238,0.016126,104.17,2.154,184.97,-0.014741,0.11652,0,2,7,0.52302,-6.4833,0,,0,0.83,0.76,0
25,0.025,0.0059305,0.021792,-0.0042558,126.07,58.501,98.728,-0.020035,0.11723,0,2,7,2.0457,-7.193,0,,0.052533,0.83187,0.8125,0
25,0.025,-0.0045002,0.03331,0.005838,75.906,89.424,103.66,-0.025659,0.11762,0,2,7,3.4878,-5.8734,0,,0.10507,0.83375,0.865,0
25,0.025,-0.014321,0.024001,0.014309,-39.238,64.433,37.623,-0.031912,0.11866,0,2,7,2.8873,-4.0708,0,,0.1576,0.83562,0.9175,0
25,0.025,-0.022418,-0.010033,0.019019,-283.74,-26.934,-172.49,-0.03743,0.11983,0,2,7,1.3156,-4.4785,0,,0.21013,0.8375,0.97,0
26,0.026,0.0019779,0.0088297,-0.002751,-45.539,23.704,-58.234,-0.014179,0.11079,0,2,7,-0.63311,-7.0263,0,,0,0.83,0.76,0
26,0.026,-0.0067837,0.0071613,0.0031099,-259.85,19.225,-233.29,-0.018542,0.11059,0,2,7,2.2675,-5.2491,0,,0.052533,0.83187,0.8125,0
26,0.026,-0.010218,0.0059047,0.0088564,-117.01,15.852,-65.804,-0.02367,0.11147,0,2,7,2.6984,-6.5323,0,,0.10507,0.83375,0.865,0
26,0.026,-0.01176,0.0096464,0.016769,297.89,25.896,374.48,-0.028755,0.11231,0,2,7,2.803,-7.0716,0,,0.1576,0.83562,0.9175,0
26,0.026,-0.017145,0.004254,0.016201,-108.14,11.42,-18.617,-0.035739,0.11353,0,2,7,0.57113,-8.7308,0,,0.21013,0.8375,0.97,0
27,0.027,-0.012684,0.0037024,0.0094001,-250.02,9.9392,-190.73,-0.01279,0.10355,0,2,7,0.71097,-5.819,0,,0,0.83,0.76,0
27,0.027,-0.00033983,-0.014169,-0.00058154,-61.513,-38.038,-62.162,-0.016355,0.1034,0,2,7,-0.052024,-6.6843,0,,0.052533,0.83187,0.8125,0
27,0.027,0.0067946,0.017007,-0.0028802,275.69,45.658,249.72,-0.020243,0.10357,0,2,7,3.5551,-8.0558,0,,0.10507,0.83375,0.865,0
27,0.027,-0.012637,0.0049811,0.013769,40.548,13.372,111.44,-0.026089,0.10414,0,2,7,4.5829,-8.8089,0,,0.1576,0.83562,0.9175,0
27,0.027,-0.017277,0.024764,0.016857,-73.971,66.481,17.665,-0.031591,0.10549,0,2,7,4.1699,-8.0951,0,,0.21013,0.8375,0.97,0
28,0.028,0.0021504,0.016971,-0.0028671,-41.367,45.559,-54.837,-0.010643,0.095867,0,2,7,2.85,-8.7489,0,,0,0.83,0.76,0
28,0.028,-0.0054177,0.0059135,0.0012178,-290.78,15.875,-272.97,-0.014727,0.095548,0,2,7,4.2418,-9.3879,0,,0.052533,0.83187,0.8125,0
28,0.028,-0.0014861,0.0093166,-0.001347,-190.33,25.011,-189.96,-0.018705,0.095819,0,2,7,3.4907,-10.314,0,,0.10507,0.83375,0.865,0
28,0.028,0.0017664,0.040539,0.0012457,202.85,108.83,201.46,-0.022074,0.096119,0,2,7,5.4839,-9.2494,0,,0.1576,0.83562,0.9175,0
28,0.028,0.0062461,0.0065103,-0.0057974,46.284,17.477,13.953,-0.02801,0.096432,0,2,7,5.3552,-9.516,0,,0.21013,0.8375,0.97,0
29,0.029,0.00082622,0.016882,-0.0056596,-315.68,45.32,-333.1,-0.0098373,0.086969,0,2,7,1.0261,-10.498,0,,0,0.83,0.76,0
29,0.029,0.0045792,0.0037037,-0.0082637,-230.04,9.9429,-264.52,-0.012328,0.086633,0,2,7,1.549,-9.5553,0,,0.052533,0.83187,0.8125,0
29,0.029,0.004414,0.0067044,-0.010091,-361.53,17.998,-400.46,-0.01628,0.086325,0,2,7,4.127,-9.5486,0,,0.10507,0.83375,0.865,0
29,0.029,0.017274,-0.01534,-0.020205,-146.42,-41.181,-247.04,-0.019789,0.085921,0,2,7,2.1444,-8.777,0,,0.1576,0.83562,0.9175,0
29,0.029,-0.018558,0.005699,0.019191,-8.2422,15.299,93.098,-0.023162,0.085857,0,2,7,4.8443,-11.932,0,,0.21013,0.8375,0.97,0
30,0.03,-0.0090015,0.0082224,0.0042263,-338.23,22.074,-302.72,-0.0081807,0.077344,0,2,7,2.4058,-9.6248,0,,0,0.83,0.76,0
30,0.03,0.0088219,-0.001142,-0.01289,-243.9,-3.0657,-302.19,-0.010449,0.076957,0,2,7,-0.27916,-9.904,0,,0.052533,0.83187,0.8125,0
30,0.03,0.0057165,-0.01045,-0.0067804,-54.629,-28.054,-88.178,-0.012843,0.076524,0,2,7,0.88382,-7.6707,0,,0.10507,0.83375,0.865,0
30,0.03,0.0048057,0.0096089,-0.004344,43.268,25.796,18.705,-0.016616,0.076317,0,2,7,2.6776,-8.4815,0,,0.1576,0.83562,0.9175,0
30,0.03,0.011682,0.0093445,-0.010412,114.89,25.086,55.578,-0.019026,0.076207,0,2,7,0.68693,-10.657,0,,0.21013,0.8375,0.97,0
31,0.031,-0.0065421,-0.0030928,-0.0026964,-625.2,-8.3027,-614.87,-0.007486,0.066665,0,2,7,0.72574,-10.042,0,,0,0.83,0.76,0
31,0.031,-0.0089978,0.0061734,0.0042344,-337.45,16.573,-301.93,-0.0088938,0.066715,0,2,7,0.34717,-10.393,0,,0.052533,0.83187,0.8125,0
31,0.031,0.0047449,-0.0020157,-0.010292,-352.07,-5.4112,-392.44,-0.011132,0.066347,0,2,7,3.1834,-10.484,0,,0.10507,0.83375,0.865,0
31,0.031,0.017327,0.0027143,-0.018208,-11.387,7.2868,-106.78,-0.012138,0.065838,0,2,7,2.4471,-9.9425,0,,0.1576,0.83562,0.9175,0
31,0.031,0.011141,0.020939,-0.0082953,217.07,56.211,164.89,-0.015819,0.065424,0,2,7,4.4798,-10.289,0,,0.21013,0.8375,0.97,0
32,0.032,-0.019379,0.0098481,0.015667,-296.17,26.438,-202.08,-0.0066585,0.056034,0,2,7,1.8735,-9.577,0,,0,0.83,0.76,0
32,0.032,-0.0031232,0.0053888,-0.0045281,-511.63,14.467,-515.4,-0.0085287,0.056738,0,2,7,0.87918,-10.738,0,,0.052533,0.83187,0.8125,0
32,0.032,-0.0019285,0.00341,-0.0040552,-398.74,9.1544,-404.44,-0.0090336,0.056436,0,2,7,0.40048,-7.9262,0,,0.10507,0.83375,0.865,0
32,0.032,0.0068391,-0.0088061,-0.012568,-358.43,-23.641,-410.52,-0.011185,0.056346,0,2,7,1.0149,-8.4929,0,,0.1576,0.83562,0.9175,0
32,0.032,0.013358,0.011972,-0.0076457,411.54,32.139,355.16,-0.010974,0.056122,0,2,7,3.6461,-6.733,0,,0.21013,0.8375,0.97,0
33,0.033,-0.0071508,0.0064136,-0.0018784,-613.06,17.218,-598.9,-0.0058546,0.046934,0,2,7,0.26378,-9.6767,0,,0,0.83,0.76,0
33,0.033,-0.008015,0.017768,0.0038183,-297.54,47.698,-265.77,-0.0065935,0.047311,0,2,7,0.9086,-8.0192,0,,0.052533,0.83187,0.8125,0
33,0.033,-0.017599,-0.013599,0.011321,-460.13,-36.507,-382.49,-0.0087089,0.04791,0,2,7,-0.99767,-8.23,0,,0.10507,0.83375,0.865,0
33,0.033,0.0027528,-0.0045844,-0.0069493,-268.62,-12.307,-294.67,-0.008834,0.04821,0,2,7,1.7683,-8.3604,0,,0.1576,0.83562,0.9175,0
33,0.033,0.013467,0.0028313,-0.011898,139.34,7.6008,71.246,-0.0080646,0.048002,0,2,7,0.16068,-6.6928,0,,0.21013,0.8375,0.97,0
34,0.034,-0.0109,0.0014632,0.0043464,-460.27,3.9281,-419.34,-0.0045361,0.037573,0,2,7,0.60947,-7.1977,0,,0,0.83,0.76,0
34,0.034,-0.02439,-0.024598,0.018609,-445.71,-66.036,-330.28,-0.0056482,0.038277,0,2,7,-1.1314,-6.4409,0,,0.052533,0.83187,0.8125,0
34,0.034,-0.027812,7.4964e-05,0.021962,-459.42,0.20125,-325.8,-0.0070513,0.039384,0,2,7,1.3892,-7.2683,0,,0.10507,0.83375,0.865,0
34,0.034,-0.02281,-0.015855,0.023065,-44.461,-42.563,78.69,-0.0069113,0.040208,0,2,7,0.90906,-7.978,0,,0.1576,0.83562,0.9175,0
34,0.034,0.00043583,0.037396,0.0035438,262.92,100.39,271.26,-0.0063333,0.041206,0,2,7,0.70994,-5.9524,0,,0.21013,0.8375,0.97,0
35,0.035,-0.018514,-0.0088067,0.012262,-460.86,-23.642,-378.24,-0.0039179,0.030442,0,2,7,-0.82751,-6.2655,0,,0,0.83,0.76,0
35,0.035,-0.029316,0.0079617,0.022758,-510.04,21.374,-370.25,-0.0054524,0.031415,0,2,7,1.4934,-7.2376,0,,0.052533,0.83187,0.8125,0
35,0.035,-0.021243,0.010527,0.021223,-58.291,28.259,55.713,-0.0047536,0.032339,0,2,7,1.456,-7.6038,0,,0.10507,0.83375,0.865,0
35,0.035,-0.028825,0.01395,0.026637,-221.3,37.45,-72.409,-0.0061979,0.033784,0,2,7,0.28085,-7.6775,0,,0.1576,0.83562,0.9175,0
35,0.035,0.01554,0.013032,-0.014244,126.96,34.985,47.007,-0.0062119,0.034443,0,2,7,-1.0761,-8.6292,0,,0.21013,0.8375,0.97,0
36,0.036,-0.0084444,0.0017781,-9.2332e-05,-584.15,4.7735,-561.73,-0.00474,0.024384,0,2,7,-0.31409,-7.6727,0,,0,0.83,0.76,0
36,0.036,-0.015523,0.011789,0.0091697,-459.54,31.649,-393.25,-0.0043334,0.024886,0,2,7,0.29942,-7.1168,0,,0.052533,0.83187,0.8125,0
36,0.036,-0.0087708,-0.0018113,0.0034093,-376.18,-4.8625,-343.48,-0.0048999,0.025426,0,2,7,0.013494,-7.133,0,,0.10507,0.83375,0.865,0
36,0.036,-0.021652,0.00080054,0.016101,-423.23,2.1491,-321.88,-0.0058073,0.025933,0,2,7,-1.3065,-7.112,0,,0.1576,0.83562,0.9175,0
36,0.036,-0.0046136,-0.0020404,0.0050769,18.087,-5.4777,44.102,-0.0053538,0.026242,0,2,7,1.3309,-7.3139,0,,0.21013,0.8375,0.97,0
37,0.037,-0.022303,0.0024927,0.015456,-510.17,6.6919,-408.81,-0.0039924,0.018204,0,2,7,-0.92525,-6.4009,0,,0,0.83,0.76,0
37,0.037,-0.0060719,-0.016275,-0.0044825,-710.48,-43.691,-706.21,-0.0046703,0.018275,0,2,7,-1.5638,-5.7773,0,,0.052533,0.83187,0.8125,0
37,0.037,-0.018455,0.0017268,0.014336,-320.48,4.6357,-232.45,-0.0055126,0.018442,0,2,7,-1.2791,-5.2571,0,,0.10507,0.83375,0.865,0
37,0.037,-0.03491,0.008712,0.029317,-461.63,23.388,-289.21,-0.0056872,0.019486,0,2,7,0.8716,-5.2391,0,,0.1576,0.83562,0.9175,0
37,0.037,0.0060127,-0.0019026,-0.0048794,90.686,-5.1076,61.445,-0.0040977,0.020052,0,2,7,0.053072,-6.2753,0,,0.21013,0.8375,0.97,0
38,0.038,0.00067615,-0.01829,-0.0084239,-507.77,-49.101,-532.2,-0.0047503,0.012063,0,2,7,-2.5702,-6.1072,0,,0,0.83,0.76,0
38,0.038,-0.028037,-0.0014209,0.02164,-496.04,-3.8146,-362.67,-0.0058072,0.012398,0,2,7,-0.4589,-5.0836,0,,0.052533,0.83187,0.8125,0
38,0.038,-0.017275,0.012468,0.014645,-219.34,33.47,-133.65,-0.0061806,0.013626,0,2,7,1.3155,-5.7643,0,,0.10507,0.83375,0.865,0
38,0.038,-0.020761,0.034506,0.017536,-267.8,92.634,-164.99,-0.0054136,0.014593,0,2,7,1.3387,-6.4414,0,,0.1576,0.83562,0.9175,0
38,0.038,0.0068785,0.013832,-0.0073204,-10.598,37.133,-48.715,-0.0046419,0.01461,0,2,7,0.35149,-5.7767,0,,0.21013,0.8375,0.97,0
39,0.039,-0.028057,0.0074154,0.018285,-718.04,19.907,-593.64,-0.0072209,0.0067547,0,2,7,-1.2136,-6.138,0,,0,0.83,0.76,0
39,0.039,-0.019435,0.0031691,0.011822,-552.86,8.5077,-468.95,-0.007265,0.0076403,0,2,7,-0.8823,-3.7712,0,,0.052533,0.83187,0.8125,0
39,0.039,-0.022724,0.014017,0.014923,-574.12,37.63,-473.05,-0.0066884,0.0085296,0,2,7,1.2428,-5.501,0,,0.10507,0.83375,0.865,0
39,0.039,-0.026008,-0.0033403,0.017729,-614.36,-8.9672,-496.94,-0.0070553,0.0096591,0,2,7,-0.9523,-3.173,0,,0.1576,0.83562,0.9175,0
39,0.039,0.007992,0.013087,-0.0058228,164.13,35.134,127.04,-0.0046779,0.010061,0,2,7,1.5032,-3.3452,0,,0.21013,0.8375,0.97,0
40,0.04,-0.017299,0.0090939,0.010866,-469.52,24.413,-393.91,-0.0086919,0.0030884,0,2,7,-2.0095,-4.1699,0,,0,0.83,0.76,0
40,0.04,-0.019211,0.0079023,0.013687,-414.89,21.214,-326.57,-0.0078999,0.0040106,0,2,7,-0.083898,-3.7765,0,,0.052533,0.83187,0.8125,0
40,0.04,-0.025774,0.0051069,0.018589,-541.8,13.71,-422.7,-0.0078202,0.0051755,0,2,7,-1.3214,-3.2411,0,,0.10507,0.83375,0.865,0
40,0.04,-0.031593,-0.0011192,0.027328,-365.32,-3.0046,-207.14,-0.0073127,0.0058489,0,2,7,-0.24351,-2.0615,0,,0.1576,0.83562,0.9175,0
40,0.04,0.00027482,0.018669,-0.0053897,-335.68,50.119,-350.88,-0.0057118,0.006933,0,2,7,-0.73357,-4.1446,0,,0.21013,0.8375,0.97,0
41,0.041,-0.028424,-0.0035481,0.020819,-576.47,-9.5252,-444.27,-0.0094507,-0.00032757,0,2,7,-0.73856,-2.3846,0,,0,0.83,0.76,0
41,0.041,-0.024541,-0.0053242,0.016979,-563.22,-14.293,-451.76,-0.0087856,0.00065958,0,2,7,-0.79575,-3.4317,0,,0.052533,0.83187,0.8125,0
41,0.041,-0.036035,0.0019711,0.026008,-756.19,5.2916,-589.63,-0.0089426,0.0017018,0,2,7,-0.67609,-2.2748,0,,0.10507,0.83375,0.865,0
41,0.041,-0.027686,-0.0027545,0.020078,-574.75,-7.3947,-446.52,-0.0075426,0.0027895,0,2,7,-0.34153,-3.5723,0,,0.1576,0.83562,0.9175,0
41,0.041,-0.012433,0.036022,0.007872,-333.38,96.705,-278.87,-0.0051671,0.0035159,0,2,7,2.6516,-2.004,0,,0.21013,0.8375,0.97,0
42,0.042,-0.02288,0.0072576,0.015078,-574.57,19.483,-472.67,-0.0096971,-0.0018186,0,2,7,-0.16306,-1.2694,0,,0,0.83,0.76,0
42,0.042,-0.038291,0.0011589,0.028318,-758.7,3.1111,-579.88,-0.0099224,-0.00083269,0,2,7,1.3446,-0.064715,0,,0.052533,0.83187,0.8125,0
42,0.042,-0.032342,0.00071062,0.025839,-514.55,1.9077,-358.36,-0.0089945,0.00025213,0,2,7,-0.39008,-0.23191,0,,0.10507,0.83375,0.865,0
42,0.042,-0.037514,0.023929,0.031161,-518.55,64.24,-334.19,-0.0085638,0.00187,0,2,7,1.3881,0.47571,0,,0.1576,0.83562,0.9175,0
42,0.042,-0.00083179,0.035777,-0.0022863,-207.32,96.045,-211.22,-0.0050418,0.0028087,0,2,7,-0.20084,0.080163,0,,0.21013,0.8375,0.97,0
43,0.043,-0.017861,0.008238,0.0059414,-831.91,22.115,-768.01,-0.010058,-0.00063484,0,2,7,0.82408,1.7165,0,,0,0.83,0.76,0
43,0.043,-0.022106,0.0050304,0.013905,-598.72,13.504,-502.05,-0.0091896,-0.0002683,0,2,7,0.73606,1.295,0,,0.052533,0.83187,0.8125,0
43,0.043,-0.034833,-0.0019976,0.023596,-832.53,-5.3626,-675.68,-0.0094003,0.0009864,0,2,7,0.32717,2.0919,0,,0.10507,0.83375,0.865,0
43,0.043,-0.014004,-0.0092522,0.0056868,-584.64,-24.838,-531.77,-0.0078442,0.0018413,0,2,7,-0.80942,1.0731,0,,0.1576,0.83562,0.9175,0
43,0.043,-0.0030568,0.0078279,-0.0019082,-334.76,21.014,-331.68,-0.0060842,0.0022601,0,2,7,-1.2219,2.4996,0,,0.21013,0.8375,0.97,0
44,0.044,-0.018574,0.0092672,0.0071427,-801.75,24.878,-732.71,-0.0087026,0.0028593,0,2,7,0.84827,4.9105,0,,0,0.83,0.76,0
44,0.044,-0.024854,-0.0069242,0.013828,-791.92,-18.589,-688.08,-0.0086457,0.0032957,0,2,7,0.31611,4.7902,0,,0.052533,0.83187,0.8125,0
44,0.044,-0.026535,-0.010411,0.016719,-716.88,-27.948,-600.77,-0.0078021,0.0036362,0,2,7,-0.93774,3.2407,0,,0.10507,0.83375,0.865,0
44,0.044,-0.016016,-0.0042438,0.0070907,-630.04,-11.393,-568.01,-0.0077936,0.00423,0,2,7,-0.83818,2.9193,0,,0.1576,0.83562,0.9175,0
44,0.044,-0.022577,0.02816,0.020141,-220.82,75.598,-106.14,-0.0058922,0.0051998,0,2,7,-0.82049,5.4097,0,,0.21013,0.8375,0.97,0
45,0.045,-0.0028948,0.00020818,-0.010217,-870.15,0.55888,-889.81,-0.0073326,0.0082018,0,2,7,1.327,5.7557,0,,0,0.83,0.76,0
45,0.045,-0.014063,0.0052203,0.0051829,-621.84,14.014,-570.18,-0.0071426,0.0080957,0,2,7,2.8832,5.7014,0,,0.052533,0.83187,0.8125,0
45,0.045,-0.02,-0.0037761,0.013419,-486.55,-10.137,-396.83,-0.0076101,0.0085288,0,2,7,-1.143,5.0175,0,,0.10507,0.83375,0.865,0
45,0.045,-0.011152,0.0037539,0.0040806,-495.07,10.078,-454.17,-0.0071555,0.0091472,0,2,7,1.7285,4.7462,0,,0.1576,0.83562,0.9175,0
45,0.045,0.0050104,0.021324,-0.010066,-319.08,57.245,-359.56,-0.0055625,0.0090961,0,2,7,0.7015,3.0938,0,,0.21013,0.8375,0.97,0
46,0.046,-0.010081,0.018211,0.0016849,-579.28,48.889,-547.7,-0.0061496,0.014497,0,2,7,2.708,6.6893,0,,0,0.83,0.76,0
46,0.046,-0.031806,-0.0092943,0.021966,-732.56,-24.951,-588.21,-0.0068545,0.014836,0,2,7,0.10665,8.1653,0,,0.052533,0.83187,0.8125,0
46,0.046,-0.018268,0.0029691,0.010237,-577.26,7.9708,-500.74,-0.0070046,0.015575,0,2,7,0.55968,8.8137,0,,0.10507,0.83375,0.865,0
46,0.046,-0.017048,-0.010959,0.007897,-647.66,-29.421,-580.7,-0.0070905,0.016058,0,2,7,-1.8292,8.5233,0,,0.1576,0.83562,0.9175,0
46,0.046,0.017951,0.016858,-0.019755,-70.448,45.256,-171.67,-0.0045441,0.01591,0,2,7,-0.1314,8.3461,0,,0.21013,0.8375,0.97,0
47,0.047,-0.020126,0.00988,0.013559,-485.93,26.524,-395.5,-0.0053221,0.023429,0,2,7,-0.83432,8.8596,0,,0,0.83,0.76,0
47,0.047,-0.0075224,0.016624,0.0016906,-403.76,44.629,-379.03,-0.0060217,0.023892,0,2,7,-0.67254,8.6646,0,,0.052533,0.83187,0.8125,0
47,0.047,-0.013523,0.0015609,0.0055943,-557.76,4.1904,-506.44,-0.0062419,0.024206,0,2,7,-1.7116,7.7404,0,,0.10507,0.83375,0.865,0
47,0.047,-0.013604,0.0021793,0.012537,-106.69,5.8504,-36.518,-0.0063001,0.024626,0,2,7,-0.67508,9.087,0,,0.1576,0.83562,0.9175,0
47,0.047,0.0083803,0.0038617,-0.0062707,161.24,10.367,121.91,-0.0052746,0.025034,0,2,7,-4.0178,9.1824,0,,0.21013,0.8375,0.97,0
48,0.048,-0.0082849,0.00093761,0.0027739,-384.71,2.5171,-355.02,-0.0049673,0.031393,0,2,7,-0.71195,8.6115,0,,0,0.83,0.76,0
48,0.048,-0.011714,-0.006542,0.003857,-548.19,-17.562,-506.39,-0.0053303,0.031268,0,2,7,-0.96025,8.8017,0,,0.052533,0.83187,0.8125,0
48,0.048,-0.020557,-0.0012168,0.015572,-383.04,-3.2666,-286.05,-0.0061338,0.032048,0,2,7,-0.42959,8.0926,0,,0.10507,0.83375,0.865,0
48,0.048,-0.017387,0.00098008,0.016465,-107.3,2.6311,-16.424,-0.0061459,0.032825,0,2,7,-0.68261,7.4924,0,,0.1576,0.83562,0.9175,0
48,0.048,-0.0061251,0.017772,0.0037555,-172.3,47.711,-145.77,-0.0067541,0.033215,0,2,7,-2.0797,9.2065,0,,0.21013,0.8375,0.97,0
49,0.049,-0.024828,0.0091377,0.018782,-464.31,24.531,-347.23,-0.0047294,0.039331,0,2,7,0.24076,9.754,0,,0,0.83,0.76,0
49,0.049,-0.024604,0.012102,0.021444,-273.87,32.488,-150.25,-0.0059191,0.040536,0,2,7,-0.59605,8.1238,0,,0.052533,0.83187,0.8125,0
49,0.049,0.0058806,0.021804,-0.0031022,198.53,58.535,174.42,-0.0056319,0.04119,0,2,7,0.30656,8.2992,0,,0.10507,0.83375,0.865,0
49,0.049,-0.014607,0.024999,0.011062,-272.37,67.111,-203.46,-0.0075033,0.041715,0,2,7,0.17768,9.9612,0,,0.1576,0.83562,0.9175,0
49,0.049,-0.00091395,-0.0074173,0.0031579,145.14,-19.912,156.07,-0.0084008,0.042341,0,2,7,-0.6819,9.0442,0,,0.21013,0.8375,0.97,0
50,0.05,-0.020871,0.0042696,0.01325,-557.25,11.462,-465.65,-0.0052725,0.04766,0,2,7,-1.3522,6.3611,0,,0,0.83,0.76,0
50,0.05,-0.017174,0.0086586,0.014361,-231.09,23.245,-146.43,-0.0057174,0.048253,0,2,7,-1.199,7.6098,0,,0.052533,0.83187,0.8125,0
50,0.05,-0.026258,-0.00049536,0.024071,-214.31,-1.3298,-79.204,-0.0073235,0.04932,0,2,7,-0.98696,8.2605,0,,0.10507,0.83375,0.865,0
50,0.05,-0.0097597,0.019859,0.012466,151.83,53.313,211.49,-0.0074047,0.050979,0,2,7,-1.801,7.9483,0,,0.1576,0.83562,0.9175,0
50,0.05,0.011477,-0.0042706,-0.011279,43.829,-11.465,-17.262,-0.0095837,0.050855,0,2,7,-1.3047,7.5366,0,,0.21013,0.8375,0.97,0
51,0.051,-0.035204,0.008733,0.03482,-119.71,23.444,68.273,-0.0054692,0.055456,0,2,7,-1.1223,7.4139,0,,0,0.83,0.76,0
51,0.051,-0.02349,-0.0017758,0.021886,-168.52,-4.7673,-46.701,-0.0070344,0.057098,0,2,7,-3.3744,9.4058,0,,0.052533,0.83187,0.8125,0
51,0.051,-0.0064844,0.012413,0.0081696,93.436,33.322,132.78,-0.007125,0.057855,0,2,7,-2.3971,7.6918,0,,0.10507,0.83375,0.865,0
51,0.051,0.010983,0.0090434,-0.011265,10.9,24.278,-48.826,-0.0087071,0.057711,0,2,7,-2.6563,5.6476,0,,0.1576,0.83562,0.9175,0
51,0.051,-0.017869,0.010349,0.025476,452.33,27.782,568.69,-0.010314,0.058154,0,2,7,-4.1059,8.0269,0,,0.21013,0.8375,0.97,0
52,0.052,-0.0012332,0.008814,-2.4783e-06,-84.586,23.662,-81.282,-0.0054663,0.064461,0,2,7,-1.1937,9.4446,0,,0,0.83,0.76,0
52,0.052,0.0073791,0.01457,-0.0059207,115.73,39.114,80.025,-0.0074311,0.064236,0,2,7,-0.072454,7.1741,0,,0.052533,0.83187,0.8125,0
52,0.052,-0.0090987,0.013755,0.012875,223.96,36.927,282.95,-0.0098677,0.064691,0,2,7,-1.8145,7.7478,0,,0.10507,0.83375,0.865,0
52,0.052,-0.0018203,0.025285,0.0060706,274.66,67.879,295.85,-0.010795,0.06537,0,2,7,0.35903,7.0234,0,,0.1576,0.83562,0.9175,0
52,0.052,0.030891,0.0078072,-0.029279,188.94,20.959,27.417,-0.012877,0.064518,0,2,7,-1.8689,5.8829,0,,0.21013,0.8375,0.97,0
53,0.053,-0.0058744,0.00030628,0.0026859,-225.49,0.82223,-202.51,-0.0063852,0.071568,0,2,7,0.32855,7.7511,0,,0,0.83,0.76,0
53,0.053,0.0037463,-0.0052638,-0.0033617,35.352,-14.131,16.27,-0.0088066,0.071792,0,2,7,-1.6673,9.8464,0,,0.052533,0.83187,0.8125,0
53,0.053,0.0070286,0.013838,-0.0069788,22.145,37.15,-15.459,-0.011437,0.071648,0,2,7,-0.19062,7.5203,0,,0.10507,0.83375,0.865,0
53,0.053,0.0081675,0.00025679,-0.012982,-294.74,0.68936,-351.52,-0.014567,0.071031,0,2,7,-3.1111,6.5691,0,,0.1576,0.83562,0.9175,0
53,0.053,0.0048124,0.015016,-0.0018206,209.7,40.311,191.89,-0.016638,0.07116,0,2,7,-1.4765,8.6135,0,,0.21013,0.8375,0.97,0
54,0.054,0.017052,-0.0044903,-0.018617,-57.148,-12.054,-152.9,-0.0069861,0.081744,0,2,7,-1.3024,10.039,0,,0,0.83,0.76,0
54,0.054,0.033116,-2.1255e-05,-0.030455,263.9,-0.057059,93.243,-0.0099277,0.080672,0,2,7,-1.2356,8.2102,0,,0.052533,0.83187,0.8125,0
54,0.054,0.027615,0.0078208,-0.024823,257.72,20.996,116.95,-0.012923,0.079499,0,2,7,-3.3657,7.8191,0,,0.10507,0.83375,0.865,0
54,0.054,0.0067138,-0.0029891,-0.0064257,36.971,-8.0243,1.6976,-0.016936,0.078792,0,2,7,-2.1556,9.3641,0,,0.1576,0.83562,0.9175,0
54,0.054,0.0032939,0.013862,-0.0036441,-14.185,37.212,-32.811,-0.020304,0.078897,0,2,7,-1.544,7.7639,0,,0.21013,0.8375,0.97,0
55,0.055,0.01715,0.002262,-0.021131,-215.86,6.0725,-318.63,-0.0087456,0.091193,0,2,7,-1.8497,8.2419,0,,0,0.83,0.76,0
55,0.055,0.029337,-0.00673,-0.026327,276.68,-18.067,127.24,-0.011453,0.089504,0,2,7,-1.4109,11.396,0,,0.052533,0.83187,0.8125,0
55,0.055,0.017939,0.00051506,-0.016424,147.75,1.3827,55.505,-0.015359,0.088762,0,2,7,-0.76856,9.6653,0,,0.10507,0.83375,0.865,0
55,0.055,0.033303,-0.0040321,-0.031657,197.61,-10.824,23.216,-0.018765,0.087748,0,2,7,-1.0833,7.5094,0,,0.1576,0.83562,0.9175,0
55,0.055,0.019012,0.0049402,-0.019651,9.0025,13.262,-94.789,-0.022646,0.086066,0,2,7,1.5049,7.9896,0,,0.21013,0.8375,0.97,0
56,0.056,-0.012752,0.016219,0.012729,-35.721,43.541,32.685,-0.01056,0.099562,0,2,7,-1.1002,9.7688,0,,0,0.83,0.76,0
56,0.056,0.013553,0.0037912,-0.011134,195.48,10.178,129.21,-0.014269,0.099495,0,2,7,-0.25919,7.6668,0,,0.052533,0.83187,0.8125,0
56,0.056,0.04498,0.015909,-0.045152,109.44,42.708,-132.53,-0.017506,0.098467,0,2,7,-2.9231,9.2171,0,,0.10507,0.83375,0.865,0
56,0.056,0.017104,0.0075179,-0.017681,7.9971,20.182,-85.386,-0.021804,0.096596,0,2,7,-2.3051,11.809,0,,0.1576,0.83562,0.9175,0
56,0.056,0.013651,0.0017566,-0.012768,94.738,4.7157,23.815,-0.025549,0.096023,0,2,7,-1.9943,10.006,0,,0.21013,0.8375,0.97,0
57,0.057,0.013198,0.0022732,-0.020271,-429.82,6.1026,-519.67,-0.013283,0.10715,0,2,7,-0.34894,6.9113,0,,0,0.83,0.76,0
57,0.057,0.0062265,-0.0012029,-0.0031612,218.32,-3.2292,193.12,-0.016124,0.10617,0,2,7,-0.27183,5.2752,0,,0.052533,0.83187,0.8125,0
57,0.057,-0.0052333,-0.018421,0.005402,-2.9494,-49.452,25.602,-0.020931,0.10631,0,2,7,-0.51346,8.2282,0,,0.10507,0.83375,0.865,0
57,0.057,0.0064978,-0.0080393,-0.0057555,66.269,-21.582,33.375,-0.025052,0.10663,0,2,7,-3.5416,9.3524,0,,0.1576,0.83562,0.9175,0
57,0.057,0.0023929,0.0078943,-0.0067066,-277.3,21.193,-301.73,-0.029966,0.10647,0,2,7,-2.5432,9.2173,0,,0.21013,0.8375,0.97,0
58,0.058,-0.018134,0.01234,0.018914,2.6209,33.128,102.08,-0.014458,0.1122,0,2,7,-0.14222,4.0977,0,,0,0.83,0.76,0
58,0.058,-0.015291,0.010046,0.012769,-206.92,26.968,-131.6,-0.019158,0.11314,0,2,7,-0.66381,5.8643,0,,0.052533,0.83187,0.8125,0
58,0.058,0.0060554,-0.00089465,-0.0027297,234.99,-2.4018,211.41,-0.02266,0.11346,0,2,7,-1.2563,3.7679,0,,0.10507,0.83375,0.865,0
58,0.058,-0.0035736,0.0028187,0.0027838,-61.538,7.5669,-44.471,-0.02878,0.11384,0,2,7,-3.5631,5.9339,0,,0.1576,0.83562,0.9175,0
58,0.058,-0.030903,-0.012568,0.025151,-461.31,-33.739,-310.83,-0.034908,0.11474,0,2,7,-6.4103,7.2142,0,,0.21013,0.8375,0.97,0
59,0.059,0.0044336,0.037574,-0.0064516,-120.83,100.87,-150.05,-0.01415,0.1172,0,2,7,2.6456,2.535,0,,0,0.83,0.76,0
59,0.059,0.00093178,0.015964,-0.0016041,-41.719,42.857,-48.526,-0.019405,0.11686,0,2,7,1.1737,0.56143,0,,0.052533,0.83187,0.8125,0
59,0.059,-0.018204,0.01684,0.01589,-201.1,45.209,-109.57,-0.025939,0.11729,0,2,7,-2.0785,4.4806,0,,0.10507,0.83375,0.865,0
59,0.059,-0.036869,0.0052028,0.040776,158.02,13.967,366.47,-0.031541,0.11924,0,2,7,-1.2301,4.7679,0,,0.1576,0.83562,0.9175,0
59,0.059,-0.034216,0.0077523,0.026529,-597.44,20.811,-434.37,-0.039388,0.12117,0,2,7,-2.8811,5.0546,0,,0.21013,0.8375,0.97,0
60,0.06,0.00045515,0.0078106,-0.0016686,-78.591,20.968,-84.292,-0.014039,0.11959,0,2,7,1.7755,3.0102,0,,0,0.83,0.76,0
60,0.06,-0.0079442,0.011356,0.0076703,-39.343,30.487,2.5748,-0.019599,0.1201,0,2,7,2.1372,4.9669,0,,0.052533,0.83187,0.8125,0
60,0.06,-0.032681,0.014034,0.033507,-33.445,37.676,144.24,-0.02658,0.12144,0,2,7,1.7952,3.7355,0,,0.10507,0.83375,0.865,0
60,0.06,-0.027652,0.014871,0.030232,95.454,39.923,250.85,-0.033686,0.12332,0,2,7,-2.1087,2.1624,0,,0.1576,0.83562,0.9175,0
60,0.06,-0.032432,-0.00517,0.030137,-238.01,-13.879,-70.038,-0.041566,0.12559,0,2,7,-2.0787,3.434,0,,0.21013,0.8375,0.97,0
61,0.061,0.0057877,0.018863,-0.006457,-28.481,50.64,-61.353,-0.013638,0.12437,0,2,7,0.20075,4.3604,0,,0,0.83,0.76,0
61,0.061,0.0043765,0.0076473,-0.0041645,25.693,20.53,2.7642,-0.019258,0.12477,0,2,7,1.0265,1.989,0,,0.052533,0.83187,0.8125,0
61,0.061,0.0050275,-0.0020683,-0.0035067,113.53,-5.5525,90.615,-0.025745,0.12463,0,2,7,-0.30563,2.4961,0,,0.10507,0.83375,0.865,0
61,0.061,-0.027026,-0.0050605,0.027813,-20.781,-13.585,126.44,-0.034006,0.12562,0,2,7,1.1369,1.5281,0,,0.1576,0.83562,0.9175,0
61,0.061,-0.046337,-0.0029164,0.041125,-467.2,-7.8292,-232.41,-0.04234,0.1278,0,2,7,-0.065667,1.635,0,,0.21013,0.8375,0.97,0
62,0.062,0.011463,0.01649,-0.012372,-29.021,44.268,-93.01,-0.012308,0.12788,0,2,7,-1.5235,0.32675,0,,0,0.83,0.76,0
62,0.062,0.012892,0.023345,-0.016311,-190.26,62.67,-268.66,-0.018767,0.12729,0,2,7,-1.165,2.5751,0,,0.052533,0.83187,0.8125,0
62,0.062,-0.011998,0.021553,0.010475,-132.34,57.862,-72.013,-0.025425,0.12739,0,2,7,1.4778,2.2234,0,,0.10507,0.83375,0.865,0
62,0.062,-0.0029006,0.012248,0.0053246,151.64,32.882,173.72,-0.03221,0.12835,0,2,7,1.4118,1.0978,0,,0.1576,0.83562,0.9175,0
62,0.062,0.0020904,-0.0090286,-0.0058363,-240.76,-24.238,-262.04,-0.041541,0.12854,0,2,7,-0.50478,1.1404,0,,0.21013,0.8375,0.97,0
63,0.063,-0.01202,0.030613,0.0098435,-175.44,82.182,-116.74,-0.01169,0.12948,0,2,7,-0.23298,0.41574,0,,0,0.83,0.76,0
63,0.063,0.0065249,0.017627,-0.010554,-247.48,47.32,-293.33,-0.017978,0.12963,0,2,7,2.264,2.787,0,,0.052533,0.83187,0.8125,0
63,0.063,0.01992,0.022671,-0.023073,-153.95,60.862,-269.36,-0.024241,0.12895,0,2,7,0.11742,-0.26307,0,,0.10507,0.83375,0.865,0
63,0.063,-0.0068168,0.016721,0.0068829,-13.953,44.889,22.825,-0.031552,0.12838,0,2,7,0.99188,0.79571,0,,0.1576,0.83562,0.9175,0
63,0.063,-0.01075,0.010854,0.010619,-37.499,29.138,19.869,-0.039861,0.12936,0,2,7,0.1072,-0.64311,0,,0.21013,0.8375,0.97,0
64,0.064,0.031752,0.023341,-0.033209,-10.601,62.661,-184.99,-0.010233,0.12904,0,2,7,-0.16697,-2.5965,0,,0,0.83,0.76,0
64,0.064,0.022732,0.012109,-0.023535,8.1706,32.509,-116.04,-0.016259,0.12747,0,2,7,2.1348,-3.2297,0,,0.052533,0.83187,0.8125,0
64,0.064,-0.00017894,0.0040451,-0.00022219,-26.863,10.859,-26.979,-0.024057,0.1271,0,2,7,1.9518,-3.4197,0,,0.10507,0.83375,0.865,0
64,0.064,-0.014201,-0.0021883,0.014819,2.4914,-5.8746,80.396,-0.031136,0.12776,0,2,7,1.4251,-2.0495,0,,0.1576,0.83562,0.9175,0
64,0.064,-0.0028261,0.0016337,0.00041901,-165.91,4.3858,-157.19,-0.038157,0.12842,0,2,7,0.1213,-2.026,0,,0.21013,0.8375,0.97,0
65,0.065,0.015114,0.0049519,-0.012059,241.48,13.294,168.53,-0.0090077,0.12531,0,2,7,0.68493,-4.3855,0,,0,0.83,0.76,0
65,0.065,0.0021206,0.0072482,-0.0064477,-278.91,19.458,-301.91,-0.015174,0.12499,0,2,7,-0.42557,-2.4278,0,,0.052533,0.83187,0.8125,0
65,0.065,0.0092674,0.0051063,-0.0072378,158.37,13.708,114.06,-0.021826,0.12491,0,2,7,3.2272,-3.8901,0,,0.10507,0.83375,0.865,0
65,0.065,-0.0068822,0.019371,-0.00021058,-484.98,52.002,-467.07,-0.029829,0.12517,0,2,7,1.7995,-3.4282,0,,0.1576,0.83562,0.9175,0
65,0.065,-0.0090329,-0.0033898,0.010377,64.126,-9.1002,116.23,-0.036016,0.12543,0,2,7,-0.4014,-4.5764,0,,0.21013,0.8375,0.97,0
66,0.066,-0.00085041,0.0034551,0.0017664,57.961,9.2754,64.986,-0.0078475,0.12167,0,2,7,-0.79156,-4.189,0,,0,0.83,0.76,0
66,0.066,0.016669,0.010042,-0.016957,25.802,26.957,-64.469,-0.013784,0.12126,0,2,7,0.040772,-4.8188,0,,0.052533,0.83187,0.8125,0
66,0.066,0.010957,0.023165,-0.01183,-28.033,62.189,-89.206,-0.020031,0.12086,0,2,7,2.6583,-5.7517,0,,0.10507,0.83375,0.865,0
66,0.066,0.011634,0.024073,-0.013582,-96.923,64.626,-164.62,-0.026183,0.12042,0,2,7,2.0919,-3.6955,0,,0.1576,0.83562,0.9175,0
66,0.066,-0.004528,0.00078517,0.0081402,225.42,2.1078,259.43,-0.034536,0.12057,0,2,7,-1.5282,-6.6746,0,,0.21013,0.8375,0.97,0
67,0.067,0.0052423,0.0097013,-0.0067097,-82.435,26.044,-114.52,-0.0074737,0.11568,0,2,7,-1.2984,-6.62,0,,0,0.83,0.76,0
67,0.067,0.015702,-0.0083362,-0.019619,-215.52,-22.379,-310.34,-0.012673,0.11457,0,2,7,1.7455,-6.7277,0,,0.052533,0.83187,0.8125,0
67,0.067,0.0041219,0.015206,-0.0052424,-62.632,40.821,-87.771,-0.018345,0.11461,0,2,7,1.9941,-3.704,0,,0.10507,0.83375,0.865,0
67,0.067,-0.0021057,0.0046399,0.0025349,22.575,12.456,35.033,-0.024334,0.11465,0,2,7,1.1254,-6.3328,0,,0.1576,0.83562,0.9175,0
67,0.067,-0.0039541,0.017691,0.01191,512.66,47.494,555.25,-0.031824,0.11542,0,2,7,1.195,-6.1662,0,,0.21013,0.8375,0.97,0
68,0.068,0.019937,0.0064252,-0.015989,313.14,17.249,216.69,-0.0072674,0.10765,0,2,7,-0.94579,-6.9413,0,,0,0.83,0.76,0
68,0.068,0.00045183,0.0091827,-0.00011708,23.23,24.651,21.703,-0.011829,0.10775,0,2,7,0.36648,-10.515,0,,0.052533,0.83187,0.8125,0
68,0.068,0.00039958,0.0046346,0.004549,326.55,12.442,337.69,-0.016435,0.10815,0,2,7,0.27386,-5.9473,0,,0.10507,0.83375,0.865,0
68,0.068,-0.0019877,0.012872,0.00050265,-103.01,34.555,-96.323,-0.023282,0.10843,0,2,7,-0.81422,-8.6117,0,,0.1576,0.83562,0.9175,0
68,0.068,-0.0053186,0.009871,0.017769,804.6,26.499,866.58,-0.028466,0.10905,0,2,7,1.693,-5.7742,0,,0.21013,0.8375,0.97,0
69,0.069,-0.010299,0.015551,0.012897,143.24,41.749,205.51,-0.0075648,0.099549,0,2,7,-1.7995,-9.1008,0,,0,0.83,0.76,0
69,0.069,0.014453,0.021773,-0.0090615,393.42,58.451,330.29,-0.010227,0.09995,0,2,7,-2.2833,-9.1358,0,,0.052533,0.83187,0.8125,0
69,0.069,-0.016325,0.012623,0.019241,147.93,33.886,243.41,-0.016357,0.10004,0,2,7,0.27068,-6.9759,0,,0.10507,0.83375,0.865,0
69,0.069,-0.0029643,0.0073644,0.0097773,440.14,19.77,474.35,-0.020329,0.10108,0,2,7,2.5281,-7.2318,0,,0.1576,0.83562,0.9175,0
69,0.069,0.0035219,0.015126,0.0045454,540.06,40.606,542.81,-0.026059,0.10184,0,2,7,1.1749,-6.9219,0,,0.21013,0.8375,0.97,0
70,0.07,-0.020474,0.018307,0.02175,28.934,49.145,142.29,-0.0081406,0.090815,0,2,7,-1.0885,-8.7331,0,,0,0.83,0.76,0
70,0.07,0.0010507,0.010104,-0.0016571,-37.065,27.126,-44.334,-0.011103,0.091446,0,2,7,-0.58163,-8.1927,0,,0.052533,0.83187,0.8125,0
70,0.07,-0.014846,0.012019,0.016559,72.856,32.267,157.16,-0.014125,0.092106,0,2,7,1.8394,-7.1802,0,,0.10507,0.83375,0.865,0
70,0.07,-0.01647,0.00023429,0.015719,-93.554,0.62896,-7.1402,-0.018384,0.092526,0,2,7,1.2812,-8.3565,0,,0.1576,0.83562,0.9175,0
70,0.07,-0.001294,0.012279,0.011375,659.55,32.965,693.56,-0.024254,0.094218,0,2,7,2.4845,-9.5682,0,,0.21013,0.8375,0.97,0
71,0.071,0.0069651,0.011352,-0.0063193,61.175,30.474,25.512,-0.0081811,0.081266,0,2,7,-0.9185,-8.8502,0,,0,0.83,0.76,0
71,0.071,-0.0031214,0.012908,0.0040075,49.903,34.652,69.041,-0.011001,0.081354,0,2,7,1.6957,-11.153,0,,0.052533,0.83187,0.8125,0
71,0.071,-0.013183,-0.0074908,0.014957,81.321,-20.109,156.86,-0.013616,0.082053,0,2,7,-0.36635,-10.993,0,,0.10507,0.83375,0.865,0
71,0.071,-0.018443,-0.01955,0.019522,21.452,-52.484,123.37,-0.017212,0.08283,0,2,7,1.7293,-12.31,0,,0.1576,0.83562,0.9175,0
71,0.071,0.016964,0.0059431,-0.0060418,763.91,15.955,702.15,-0.020578,0.083638,0,2,7,5.8432,-10.713,0,,0.21013,0.8375,0.97,0
72,0.072,-0.011801,0.015545,0.011247,-68.145,41.731,-6.2713,-0.0085636,0.071017,0,2,7,-0.19482,-12.368,0,,0,0.83,0.76,0
72,0.072,0.0012505,0.0082969,-0.0016424,-22.416,22.273,-30.183,-0.0097818,0.071448,0,2,7,1.0276,-8.6446,0,,0.052533,0.83187,0.8125,0
72,0.072,0.0046288,-0.0065061,-0.0016106,210.94,-17.466,194.19,-0.012941,0.071127,0,2,7,3.4634,-9.6399,0,,0.10507,0.83375,0.865,0
72,0.072,-0.00082829,0.0055363,0.0012591,26.113,14.863,31.717,-0.015643,0.071296,0,2,7,1.6125,-12.106,0,,0.1576,0.83562,0.9175,0
72,0.072,-0.0012197,0.0081726,0.0087384,491.24,21.94,517.97,-0.017323,0.07162,0,2,7,5.0624,-13.009,0,,0.21013,0.8375,0.97,0
73,0.073,-0.0056827,0.0052129,0.0015779,-285.24,13.994,-265.75,-0.0089371,0.060193,0,2,7,0.12984,-11.167,0,,0,0.83,0.76,0
73,0.073,-0.0040816,0.012667,-0.0008078,-332.54,34.006,-323.75,-0.01019,0.06031,0,2,7,0.22396,-10.849,0,,0.052533,0.83187,0.8125,0
73,0.073,0.0011043,-0.0046046,-0.0037231,-169.28,-12.361,-182.24,-0.011516,0.060023,0,2,7,1.0228,-11.322,0,,0.10507,0.83375,0.865,0
73,0.073,0.021379,0.00046406,-0.017824,291.21,1.2458,185.97,-0.013152,0.059508,0,2,7,2.3766,-9.8997,0,,0.1576,0.83562,0.9175,0
73,0.073,0.01408,0.025274,-0.011619,199.64,67.848,130.65,-0.013976,0.058805,0,2,7,2.6083,-14.295,0,,0.21013,0.8375,0.97,0
74,0.074,-0.012808,0.011869,0.0012354,-795.57,31.864,-757.86,-0.010128,0.04976,0,2,7,-0.11234,-10.383,0,,0,0.83,0.76,0
74,0.074,0.0045799,0.0014141,-0.012162,-486.4,3.7962,-531.34,-0.011052,0.049361,0,2,7,2.2566,-9.0713,0,,0.052533,0.83187,0.8125,0
74,0.074,0.0034351,-0.0080666,-0.011877,-546,-21.655,-587.11,-0.011026,0.048664,0,2,7,2.4677,-11.446,0,,0.10507,0.83375,0.865,0
74,0.074,0.017658,-0.0084814,-0.019906,-100.44,-22.769,-201.29,-0.010833,0.048235,0,2,7,1.2728,-10.379,0,,0.1576,0.83562,0.9175,0
74,0.074,0.031951,0.0076599,-0.028929,284.57,20.563,121.13,-0.011721,0.046905,0,2,7,3.4804,-9.6525,0,,0.21013,0.8375,0.97,0
75,0.075,-0.0033831,-0.00031158,-0.0055264,-595.07,-0.83646,-600.83,-0.010223,0.039411,0,2,7,2.065,-9.6078,0,,0,0.83,0.76,0
75,0.075,-0.02358,-0.0011204,0.014408,-666.59,-3.0078,-564.61,-0.011194,0.039956,0,2,7,1.2193,-9.4486,0,,0.052533,0.83187,0.8125,0
75,0.075,0.017874,-0.012589,-0.022421,-251.09,-33.795,-359.26,-0.010718,0.039328,0,2,7,-0.76552,-9.8494,0,,0.10507,0.83375,0.865,0
75,0.075,0.017845,-0.0039561,-0.021437,-188.41,-10.62,-293.86,-0.011487,0.038575,0,2,7,0.051065,-8.3927,0,,0.1576,0.83562,0.9175,0
75,0.075,0.0039773,0.0058629,-0.0014031,179.99,15.739,165.54,-0.009363,0.037747,0,2,7,2.5318,-8.197,0,,0.21013,0.8375,0.97,0
76,0.076,0.011266,-0.0062935,-0.022581,-713.96,-16.895,-804.82,-0.0097084,0.030914,0,2,7,2.4567,-8.1573,0,,0,0.83,0.76,0
76,0.076,-0.0068085,-0.011039,0.003803,-215.96,-29.634,-187.47,-0.010263,0.03025,0,2,7,2.9554,-7.1742,0,,0.052533,0.83187,0.8125,0
76,0.076,-0.026875,-0.0078973,0.0203,-504.54,-21.201,-377.9,-0.012127,0.030809,0,2,7,0.93264,-8.2494,0,,0.10507,0.83375,0.865,0
76,0.076,-0.0054937,0.0085735,0.0040961,-106.67,23.016,-80.927,-0.011666,0.031677,0,2,7,1.5928,-6.5455,0,,0.1576,0.83562,0.9175,0
76,0.076,0.016016,0.019764,-0.018941,-149.39,53.058,-243.24,-0.0091441,0.031127,0,2,7,0.99588,-6.1568,0,,0.21013,0.8375,0.97,0
77,0.077,-0.015274,0.01659,0.0031874,-835.96,44.536,-786.4,-0.010214,0.023854,0,2,7,0.49342,-5.2478,0,,0,0.83,0.76,0
77,0.077,-0.022579,-0.0015718,0.011673,-777.91,-4.2196,-685.96,-0.011035,0.024224,0,2,7,-0.67292,-4.1348,0,,0.052533,0.83187,0.8125,0
77,0.077,-0.012432,0.014218,-0.0017596,-966.76,38.169,-938.11,-0.011378,0.024716,0,2,7,4.0859,-5.6224,0,,0.10507,0.83375,0.865,0
77,0.077,-0.031575,0.0035485,0.023726,-600.94,9.5263,-452.48,-0.011231,0.025443,0,2,7,2.9804,-5.4648,0,,0.1576,0.83562,0.9175,0
77,0.077,-0.012231,0.013637,0.003296,-620.48,36.609,-578.8,-0.0092864,0.026226,0,2,7,0.41627,-4.8925,0,,0.21013,0.8375,0.97,0
78,0.078,-0.038798,-0.001817,0.022095,-1202.8,-4.8779,-1039.3,-0.011071,0.018809,0,2,7,-0.68883,-1.5301,0,,0,0.83,0.76,0
78,0.078,-0.039532,0.0024935,0.026758,-946.24,6.694,-768.28,-0.010847,0.019832,0,2,7,1.2787,-4.2413,0,,0.052533,0.83187,0.8125,0
78,0.078,-0.038425,0.01542,0.025602,-946.59,41.395,-774.7,-0.0096837,0.021309,0,2,7,0.1269,-4.0267,0,,0.10507,0.83375,0.865,0
78,0.078,-0.022832,0.031743,0.016405,-483.97,85.216,-378.64,-0.0090245,0.022525,0,2,7,2.626,-3.3817,0,,0.1576,0.83562,0.9175,0
78,0.078,0.0043801,0.0012422,-0.015735,-735.09,3.3349,-789.09,-0.0075926,0.022228,0,2,7,2.5413,-3.4104,0,,0.21013,0.8375,0.97,0
79,0.079,-0.035788,-0.0050659,0.022668,-959.01,-13.6,-802.08,-0.0098392,0.01605,0,2,7,0.62576,-1.47,0,,0,0.83,0.76,0
79,0.079,-0.047114,-0.0022622,0.034993,-923.69,-6.073,-703.26,-0.0093637,0.017762,0,2,7,-0.044738,-0.46143,0,,0.052533,0.83187,0.8125,0
79,0.079,-0.021719,0.010124,0.0067044,-1045.9,27.178,-969.57,-0.008742,0.019062,0,2,7,0.36509,-2.3232,0,,0.10507,0.83375,0.865,0
79,0.079,-0.022291,0.016549,0.015332,-517.51,44.428,-416.51,-0.0071157,0.01954,0,2,7,1.6198,-2.4861,0,,0.1576,0.83562,0.9175,0
79,0.079,-0.018567,0.033854,0.0090265,-677.34,90.882,-603.26,-0.006208,0.020096,0,2,7,0.51102,-2.6511,0,,0.21013,0.8375,0.97,0
80,0.08,-0.035945,0.020358,0.022627,-972.45,54.651,-815.21,-0.0077974,0.014867,0,2,7,1.9286,-3.1077,0,,0,0.83,0.76,0
80,0.08,-0.020242,-0.00093117,0.0073743,-900.66,-2.4998,-826.52,-0.0077041,0.015597,0,2,7,0.29972,-4.4777,0,,0.052533,0.83187,0.8125,0
80,0.08,-0.047666,0.017504,0.0354,-934.77,46.99,-711.78,-0.0079869,0.016862,0,2,7,-0.49363,-4.0427,0,,0.10507,0.83375,0.865,0
80,0.08,-0.034679,0.010633,0.022103,-920.23,28.545,-767.8,-0.0078383,0.018328,0,2,7,1.417,-1.0979,0,,0.1576,0.83562,0.9175,0
80,0.08,-0.013969,0.0061212,0.0065116,-527.98,16.433,-473,-0.0058069,0.019091,0,2,7,-0.85412,-0.2961,0,,0.21013,0.8375,0.97,0
81,0.081,-0.020997,0.0042497,0.012405,-621.48,11.409,-531.81,-0.0059034,0.013079,0,2,7,-0.29492,0.32639,0,,0,0.83,0.76,0
81,0.081,-0.010141,0.0098866,-0.0016641,-803.65,26.541,-780.9,-0.0062715,0.013211,0,2,7,-1.9757,-0.29542,0,,0.052533,0.83187,0.8125,0
81,0.081,-0.042996,-0.0056839,0.030576,-932.28,-15.259,-734.77,-0.0073551,0.014455,0,2,7,-0.0049002,-2.8185,0,,0.10507,0.83375,0.865,0
81,0.081,-0.046939,-0.0057422,0.039066,-643.81,-15.415,-412.92,-0.0077779,0.015882,0,2,7,1.5872,-1.7901,0,,0.1576,0.83562,0.9175,0
81,0.081,-0.018994,0.0053541,0.012352,-487.89,14.373,-403.73,-0.0070936,0.01799,0,2,7,-3.6739,-3.8171,0,,0.21013,0.8375,0.97,0
82,0.082,-0.019022,-0.0003619,0.011837,-523.63,-0.97154,-440.78,-0.0039778,0.012798,0,2,7,-0.25239,1.4118,0,,0,0.83,0.76,0
82,0.082,-0.023712,0.0023766,0.012526,-799.38,6.3802,-702.09,-0.0050661,0.013971,0,2,7,-3.1416,1.2449,0,,0.052533,0.83187,0.8125,0
82,0.082,-0.030738,0.032742,0.021509,-689.51,87.898,-549.25,-0.0054747,0.014737,0,2,7,-1.8101,0.74288,0,,0.10507,0.83375,0.865,0
82,0.082,-0.015012,0.0045926,-0.0010172,-1094.5,12.329,-1057,-0.0060668,0.01514,0,2,7,0.60052,0.74304,0,,0.1576,0.83562,0.9175,0
82,0.082,-0.014303,0.0021975,0.010428,-293.26,5.8994,-226.87,-0.0067952,0.015588,0,2,7,-1.3248,-2.0078,0,,0.21013,0.8375,0.97,0
83,0.083,-0.014755,-0.0073072,0.0087285,-435.96,-19.617,-372.92,-0.0029668,0.013169,0,2,7,-0.97466,-1.2253,0,,0,0.83,0.76,0
83,0.083,-0.0092089,0.0025437,0.0052354,-286.07,6.8286,-247.29,-0.0038564,0.013518,0,2,7,-0.59067,-0.79482,0,,0.052533,0.83187,0.8125,0
83,0.083,-0.024639,-0.00045568,0.025016,-41.334,-1.2233,91.966,-0.0042872,0.014188,0,2,7,-1.7294,0.18596,0,,0.10507,0.83375,0.865,0
83,0.083,-0.0045867,0.01396,-0.00041226,-341.1,37.476,-329.9,-0.0044815,0.014955,0,2,7,-0.040868,-0.047454,0,,0.1576,0.83562,0.9175,0
83,0.083,0.01298,0.012673,-0.010006,230.47,34.021,168.76,-0.0046547,0.014705,0,2,7,1.2012,-1.1738,0,,0.21013,0.8375,0.97,0
84,0.084,-0.0022348,0.02784,0.00081485,-99.395,74.738,-91.208,-0.0029771,0.014026,0,2,7,-1.3112,0.82407,0,,0,0.83,0.76,0
84,0.084,-0.0046504,0.014615,0.0026373,-144.88,39.235,-125.32,-0.0034602,0.014174,0,2,7,-1.1306,0.43665,0,,0.052533,0.83187,0.8125,0
84,0.084,-0.010367,-0.0025952,0.011182,25.765,-6.9671,83.613,-0.0041211,0.014615,0,2,7,-2.2063,1.7912,0,,0.10507,0.83375,0.865,0
84,0.084,0.00084972,0.0072377,-0.0082893,-487.03,19.43,-511.57,-0.0046069,0.014756,0,2,7,0.49372,0.62502,0,,0.1576,0.83562,0.9175,0
84,0.084,-0.0021331,0.0050073,0.012213,657.23,13.442,695.74,-0.0032828,0.014886,0,2,7,-0.80744,0.75751,0,,0.21013,0.8375,0.97,0
85,0.085,-0.010642,0.00061949,0.0088585,-145.9,1.6631,-93.551,-0.0028244,0.013368,0,2,7,-1.4738,1.8806,0,,0,0.83,0.76,0
85,0.085,-0.013161,-0.0020311,0.020229,429.6,-5.4525,519.24,-0.0034487,0.014275,0,2,7,-3.4098,0.071328,0,,0.052533,0.83187,0.8125,0
85,0.085,-0.012343,0.0077091,0.015666,185.37,20.696,260.56,-0.0046535,0.015284,0,2,7,-3.7269,1.8194,0,,0.10507,0.83375,0.865,0
85,0.085,-0.0040734,0.00025555,0.0026883,-102.04,0.68605,-83.886,-0.0039689,0.016019,0,2,7,-2.458,0.52562,0,,0.1576,0.83562,0.9175,0
85,0.085,0.021104,0.0085521,-0.011207,707.58,22.959,620.84,-0.003709,0.015546,0,2,7,-1.5946,1.3455,0,,0.21013,0.8375,0.97,0
86,0.086,-0.00065284,-0.013108,0.0039367,214.23,-35.188,226.55,-0.0029772,0.014797,0,2,7,-2.3938,-0.80067,0,,0,0.83,0.76,0
86,0.086,-0.014723,-0.0014057,0.01812,183.89,-3.7737,272.06,-0.0044909,0.015367,0,2,7,-1.4482,2.7858,0,,0.052533,0.83187,0.8125,0
86,0.086,0.005036,-0.017496,-0.002225,198.4,-46.97,178.91,-0.0041218,0.01576,0,2,7,-0.73803,3.0933,0,,0.10507,0.83375,0.865,0
86,0.086,-0.019922,0.014883,0.023226,163.87,39.953,279.7,-0.0045989,0.016537,0,2,7,-1.0507,2.0801,0,,0.1576,0.83562,0.9175,0
86,0.086,-0.0051167,0.015289,0.015592,675.25,41.044,730.84,-0.0042484,0.017564,0,2,7,-0.50844,2.2979,0,,0.21013,0.8375,0.97,0
87,0.087,-0.011788,0.012637,0.0088023,-228,33.926,-172.72,-0.0047653,0.016948,0,2,7,-0.71606,0.55265,0,,0,0.83,0.76,0
87,0.087,-0.0074112,-0.0050763,0.011018,217.33,-13.628,266.81,-0.0044976,0.017419,0,2,7,0.74713,2.0973,0,,0.052533,0.83187,0.8125,0
87,0.087,-0.016768,0.0033341,0.020812,220.94,8.9506,321.83,-0.0054879,0.018567,0,2,7,-1.2105,3.1043,0,,0.10507,0.83375,0.865,0
87,0.087,-0.025037,0.0013321,0.024298,-115.78,3.5761,16.662,-0.0055913,0.019805,0,2,7,-0.84661,3.6435,0,,0.1576,0.83562,0.9175,0
87,0.087,0.014384,0.011218,-0.0085546,422.05,30.117,360.47,-0.0043363,0.019704,0,2,7,1.9051,4.3829,0,,0.21013,0.8375,0.97,0
88,0.088,-0.0086925,0.0099373,0.0084664,-38.21,26.677,7.8546,-0.0056888,0.020542,0,2,7,1.4868,6.762,0,,0,0.83,0.76,0
88,0.088,-0.014851,-0.0032275,0.023112,503.48,-8.6645,605.4,-0.0059849,0.021166,0,2,7,0.90759,6.4648,0,,0.052533,0.83187,0.8125,0
88,0.088,-0.001684,-0.0039067,0.014112,812.9,-10.488,855.31,-0.0063793,0.022275,0,2,7,0.5523,3.8555,0,,0.10507,0.83375,0.865,0
88,0.088,-0.014747,-0.0059819,0.019257,257.03,-16.059,348.32,-0.0067884,0.022906,0,2,7,-1.1559,3.4097,0,,0.1576,0.83562,0.9175,0
88,0.088,0.015861,0.010634,-0.011592,323.39,28.548,249.69,-0.0047128,0.023533,0,2,7,2.6036,3.4572,0,,0.21013,0.8375,0.97,0
89,0.089,-0.0025314,-0.0030049,0.0069477,283.68,-8.0669,309.12,-0.0065134,0.026856,0,2,7,0.87561,6.7428,0,,0,0.83,0.76,0
89,0.089,-0.0065435,0.010425,0.0077946,64.721,27.987,103.21,-0.0072405,0.027933,0,2,7,0.88434,6.4764,0,,0.052533,0.83187,0.8125,0
89,0.089,-0.0083972,0.0083431,0.011824,202.82,22.398,257.1,-0.007276,0.028085,0,2,7,0.95226,8.5173,0,,0.10507,0.83375,0.865,0
89,0.089,0.00040723,0.01625,-0.0018162,-91.577,43.624,-97.546,-0.0072672,0.028508,0,2,7,-0.61955,6.3778,0,,0.1576,0.83562,0.9175,0
89,0.089,0.0065331,0.031768,-0.0031922,237.27,85.283,211.17,-0.0050904,0.028483,0,2,7,2.075,4.1945,0,,0.21013,0.8375,0.97,0
90,0.09,0.0016032,-0.0064686,-0.0029184,-82.2,-17.365,-94.338,-0.007736,0.032803,0,2,7,2.6027,4.4539,0,,0,0.83,0.76,0
90,0.09,-0.0079437,-0.00074232,0.0090267,49.909,-1.9928,95.467,-0.00801,0.033289,0,2,7,3.8861,5.3319,0,,0.052533,0.83187,0.8125,0
90,0.09,-0.015716,-0.0013061,0.017059,46.179,-3.5063,134.17,-0.0087674,0.033783,0,2,7,2.4055,4.3499,0,,0.10507,0.83375,0.865,0
90,0.09,0.0069999,0.010714,-0.00091072,419.29,28.763,398.05,-0.0074357,0.034379,0,2,7,0.64774,7.1615,0,,0.1576,0.83562,0.9175,0
90,0.09,0.016389,0.031739,-0.021622,-300.14,85.206,-402.18,-0.0071055,0.034111,0,2,7,0.94362,7.9758,0,,0.21013,0.8375,0.97,0
91,0.091,-0.010026,0.01102,0.0019802,-556.13,29.585,-523.9,-0.008761,0.039668,0,2,7,2.7467,7.808,0,,0,0.83,0.76,0
91,0.091,-0.0010381,0.011204,-0.0039273,-329.37,30.078,-337.12,-0.0096214,0.039929,0,2,7,4.1609,6.5548,0,,0.052533,0.83187,0.8125,0
91,0.091,-0.006937,0.0054934,0.0078576,41.929,14.747,81.646,-0.0093901,0.040097,0,2,7,4.1101,6.5915,0,,0.10507,0.83375,0.865,0
91,0.091,-0.0021643,0.0075239,0.0046221,155.84,20.198,174.06,-0.0099025,0.040476,0,2,7,0.81496,6.7171,0,,0.1576,0.83562,0.9175,0
91,0.091,-0.006202,0.0063536,-0.00053959,-460.05,17.057,-444.85,-0.0092309,0.040777,0,2,7,2.6279,8.8605,0,,0.21013,0.8375,0.97,0
92,0.092,-0.021132,0.013705,0.0091809,-842.75,36.792,-761.37,-0.0099372,0.04724,0,2,7,1.4304,8.7452,0,,0,0.83,0.76,0
92,0.092,-0.0077199,0.0060614,2.7655e-06,-528.29,16.272,-507.56,-0.010257,0.047481,0,2,7,3.4277,6.7692,0,,0.052533,0.83187,0.8125,0
92,0.092,-0.0053824,0.01465,0.0033864,-145.73,39.33,-122.19,-0.011362,0.047825,0,2,7,1.371,6.5951,0,,0.10507,0.83375,0.865,0
92,0.092,-0.0040654,0.0088371,0.00091702,-217.99,23.724,-204.61,-0.011889,0.048108,0,2,7,-1.4662,6.0392,0,,0.1576,0.83562,0.9175,0
92,0.092,0.0066399,0.0094801,-0.01526,-549.12,25.45,-607.91,-0.011471,0.047664,0,2,7,-0.55277,6.438,0,,0.21013,0.8375,0.97,0
